{"cameraMode":{"drawMode":0,"name":"Shaded","section":"Shading Mode"},"sceneLighting":true,"audioPlay":false,"sceneViewState":{"showFog":true,"showMaterialUpdate":false,"showSkybox":true,"showFlares":true,"showImageEffects":true,"showParticleSystems":true},"in2DMode":false,"pivot":{"x":8.640923500061036,"y":25.963871002197267,"z":-107.57852172851563},"rotation":{"x":0.4194537401199341,"y":0.014160788618028164,"z":-0.006543096620589495,"w":0.9076454639434815},"size":90.25912475585938,"orthographic":true}